{"cameraMode":{"drawMode":0,"name":"Shaded","section":"Shading Mode"},"sceneLighting":true,"audioPlay":false,"sceneViewState":{"m_AlwaysRefresh":false,"showFog":true,"showSkybox":true,"showFlares":true,"showImageEffects":true,"showParticleSystems":true,"showVisualEffectGraphs":true,"m_FxEnabled":true},"in2DMode":false,"pivot":{"x":-3.2259161472320558,"y":51.32392501831055,"z":-4.61130952835083},"rotation":{"x":-0.006747839972376823,"y":-0.9271161556243897,"z":0.018198177218437196,"w":-0.3751821517944336},"size":15.266135215759278,"orthographic":false}